,amino acid,pos,1-letter
0,MET,54,M
1,GLN,55,Q
2,LYS,56,K
3,VAL,57,V
4,MET,58,M
5,GLU,59,E
6,ASN,60,N
7,SER,61,S
8,SER,62,S
9,GLY,63,G
10,THR,64,T
11,PRO,65,P
12,ASP,66,D
13,ILE,67,I
14,LEU,68,L
15,THR,69,T
16,ARG,70,R
17,HIS,71,H
18,PHE,72,F
29,THR,73,T
36,ILE,74,I
44,ASP,75,D
52,ASP,76,D
60,PHE,77,F
71,GLU,78,E
80,ILE,79,I
88,GLY,80,G
92,ARG,81,R
103,PRO,82,P
110,LEU,83,L
118,GLY,84,G
122,LYS,85,K
128,GLY,86,G
132,LYS,87,K
138,PHE,88,F
149,GLY,89,G
153,ASN,90,N
161,VAL,91,V
168,TYR,92,Y
180,LEU,93,L
188,ALA,94,A
193,ARG,95,R
204,GLU,96,E
213,LYS,97,K
222,LYS,98,K
230,SER,99,S
236,HIS,100,H
246,PHE,101,F
257,ILE,102,I
265,VAL,103,V
272,ALA,104,A
277,LEU,105,L
285,LYS,106,K
294,VAL,107,V
301,LEU,108,L
309,PHE,109,F
320,LYS,110,K
329,SER,111,S
335,GLN,112,Q
344,ILE,113,I
352,GLU,114,E
358,LYS,115,K
367,GLU,116,E
376,GLY,117,G
380,VAL,118,V
387,GLU,119,E
396,HIS,120,H
406,GLN,121,Q
415,LEU,122,L
423,ARG,123,R
434,ARG,124,R
445,GLU,125,E
454,ILE,126,I
462,GLU,127,E
471,ILE,128,I
479,GLN,129,Q
488,ALA,130,A
493,HIS,131,H
503,LEU,132,L
511,HIS,133,H
521,HIS,134,H
531,PRO,135,P
538,ASN,136,N
546,ILE,137,I
554,LEU,138,L
562,ARG,139,R
573,LEU,140,L
581,TYR,141,Y
593,ASN,142,N
601,TYR,143,Y
613,PHE,144,F
624,TYR,145,Y
636,ASP,146,D
644,ARG,147,R
649,ARG,148,R
660,ARG,149,R
671,ILE,150,I
679,TYR,151,Y
691,LEU,152,L
699,ILE,153,I
707,LEU,154,L
715,GLU,155,E
724,TYR,156,Y
736,ALA,157,A
741,PRO,158,P
748,ARG,159,R
759,GLY,160,G
763,GLU,161,E
772,LEU,162,L
780,TYR,163,Y
792,LYS,164,K
801,GLU,165,E
810,LEU,166,L
818,GLN,167,Q
827,LYS,168,K
834,SER,169,S
840,CYS,170,C
846,THR,171,T
853,PHE,172,F
864,ASP,173,D
872,GLU,174,E
881,GLN,175,Q
890,ARG,176,R
901,THR,177,T
908,ALA,178,A
913,THR,179,T
920,ILE,180,I
928,MET,181,M
936,GLU,182,E
945,GLU,183,E
954,LEU,184,L
962,ALA,185,A
967,ASP,186,D
975,ALA,187,A
980,LEU,188,L
988,MET,189,M
996,TYR,190,Y
1008,CYS,191,C
1014,HIS,192,H
1024,GLY,193,G
1028,LYS,194,K
1037,LYS,195,K
1042,VAL,196,V
1049,ILE,197,I
1057,HIS,198,H
1067,ARG,199,R
1078,ASP,200,D
1086,ILE,201,I
1094,LYS,202,K
1100,PRO,203,P
1107,GLU,204,E
1116,ASN,205,N
1124,LEU,206,L
1132,LEU,207,L
1140,LEU,208,L
1148,GLY,209,G
1152,LEU,210,L
1160,LYS,211,K
1167,GLY,212,G
1171,GLU,213,E
1180,LEU,214,L
1188,LYS,215,K
1197,ILE,216,I
1205,ALA,217,A
1210,ASP,218,D
1215,PHE,219,F
1226,GLY,220,G
1230,TRP,221,W
1231,SER,222,S
1232,VAL,223,V
1233,HIS,224,H
1234,ALA,225,A
1235,PRO,226,P
1236,SER,227,S
1237,LEU,228,L
1238,ARG,229,R
1239,ARG,230,R
1240,LYS,231,K
1241,THR,232,T
1242,MET,233,M
1243,CYS,234,C
1244,GLY,235,G
1245,THR,236,T
1246,LEU,237,L
1254,ASP,238,D
1262,TYR,239,Y
1274,LEU,240,L
1282,PRO,241,P
1289,PRO,242,P
1296,GLU,243,E
1305,MET,244,M
1313,ILE,245,I
1321,GLU,246,E
1330,GLY,247,G
1334,ARG,248,R
1345,MET,249,M
1353,HIS,250,H
1363,ASN,251,N
1371,GLU,252,E
1380,LYS,253,K
1388,VAL,254,V
1395,ASP,255,D
1403,LEU,256,L
1411,TRP,257,W
1425,CYS,258,C
1431,ILE,259,I
1439,GLY,260,G
1443,VAL,261,V
1450,LEU,262,L
1458,CYS,263,C
1464,TYR,264,Y
1476,GLU,265,E
1485,LEU,266,L
1493,LEU,267,L
1501,VAL,268,V
1508,GLY,269,G
1512,ASN,270,N
1520,PRO,271,P
1527,PRO,272,P
1534,PHE,273,F
1545,GLU,274,E
1554,SER,275,S
1560,ALA,276,A
1565,SER,277,S
1571,HIS,278,H
1581,ASN,279,N
1589,GLU,280,E
1598,THR,281,T
1605,TYR,282,Y
1617,ARG,283,R
1628,ARG,284,R
1639,ILE,285,I
1647,VAL,286,V
1654,LYS,287,K
1659,VAL,288,V
1666,ASP,289,D
1674,LEU,290,L
1682,LYS,291,K
1691,PHE,292,F
1702,PRO,293,P
1709,ALA,294,A
1714,SER,295,S
1720,VAL,296,V
1727,PRO,297,P
1734,THR,298,T
1741,GLY,299,G
1745,ALA,300,A
1750,GLN,301,Q
1759,ASP,302,D
1767,LEU,303,L
1775,ILE,304,I
1783,SER,305,S
1789,LYS,306,K
1798,LEU,307,L
1806,LEU,308,L
1814,ARG,309,R
1825,HIS,310,H
1835,ASN,311,N
1843,PRO,312,P
1850,SER,313,S
1856,GLU,314,E
1865,ARG,315,R
1876,LEU,316,L
1884,PRO,317,P
1891,LEU,318,L
1899,ALA,319,A
1904,GLN,320,Q
1913,VAL,321,V
1920,SER,322,S
1926,ALA,323,A
1931,HIS,324,H
1941,PRO,325,P
1948,TRP,326,W
1962,VAL,327,V
1969,ARG,328,R
1980,ALA,329,A
1985,ASN,330,N
1993,SER,331,S
1999,ARG,332,R
2004,ARG,333,R
2015,VAL,334,V
2022,LEU,335,L
2030,PRO,336,P
2037,PRO,337,P
2044,SER,338,S
2049,ALA,339,A
2050,LEU,340,L
2051,GLN,341,Q
2052,SER,342,S
2053,VAL,343,V
2054,ALA,344,A