0,1,2
SER,53,CA
MET,54,CA
GLN,55,CA
LYS,56,CA
VAL,57,CA
MET,58,CA
GLU,59,CA
ASN,60,CA
SER,61,CA
SER,62,CA
GLY,63,CA
THR,64,CA
PRO,65,CA
ASP,66,CA
ILE,67,CA
LEU,68,CA
THR,69,CA
ARG,70,N
ARG,70,CA
ARG,70,C
ARG,70,O
ARG,70,CB
HIS,71,N
HIS,71,CA
HIS,71,C
HIS,71,O
HIS,71,CB
PHE,72,N
PHE,72,CA
PHE,72,C
PHE,72,O
PHE,72,CB
PHE,72,CG
PHE,72,CD1
PHE,72,CD2
PHE,72,CE1
PHE,72,CE2
PHE,72,CZ
THR,73,N
THR,73,CA
THR,73,C
THR,73,O
THR,73,CB
THR,73,CG2
THR,73,OG1
ILE,74,N
ILE,74,CA
ILE,74,C
ILE,74,O
ILE,74,CB
ILE,74,CG1
ILE,74,CG2
ILE,74,CD1
ASP,75,N
ASP,75,CA
ASP,75,C
ASP,75,O
ASP,75,CB
ASP,75,CG
ASP,75,OD1
ASP,75,OD2
ASP,76,N
ASP,76,CA
ASP,76,C
ASP,76,O
ASP,76,CB
ASP,76,CG
ASP,76,OD1
ASP,76,OD2
PHE,77,N
PHE,77,CA
PHE,77,C
PHE,77,O
PHE,77,CB
PHE,77,CG
PHE,77,CD1
PHE,77,CD2
PHE,77,CE1
PHE,77,CE2
PHE,77,CZ
GLU,78,N
GLU,78,CA
GLU,78,C
GLU,78,O
GLU,78,CB
GLU,78,CG
GLU,78,CD
GLU,78,OE1
GLU,78,OE2
ILE,79,N
ILE,79,CA
ILE,79,C
ILE,79,O
ILE,79,CB
ILE,79,CG1
ILE,79,CG2
ILE,79,CD1
GLY,80,N
GLY,80,CA
GLY,80,C
GLY,80,O
ARG,81,N
ARG,81,CA
ARG,81,C
ARG,81,O
ARG,81,CB
ARG,81,CG
ARG,81,CD
ARG,81,NE
ARG,81,CZ
ARG,81,NH1
ARG,81,NH2
PRO,82,N
PRO,82,CA
PRO,82,C
PRO,82,O
PRO,82,CB
PRO,82,CG
PRO,82,CD
LEU,83,N
LEU,83,CA
LEU,83,C
LEU,83,O
LEU,83,CB
LEU,83,CG
LEU,83,CD1
LEU,83,CD2
GLY,84,N
GLY,84,CA
GLY,84,C
GLY,84,O
LYS,85,N
LYS,85,CA
LYS,85,C
LYS,85,O
LYS,85,CB
LYS,85,CG
GLY,86,N
GLY,86,CA
GLY,86,C
GLY,86,O
LYS,87,N
LYS,87,CA
LYS,87,C
LYS,87,O
LYS,87,CB
LYS,87,CG
PHE,88,N
PHE,88,CA
PHE,88,C
PHE,88,O
PHE,88,CB
PHE,88,CG
PHE,88,CD1
PHE,88,CD2
PHE,88,CE1
PHE,88,CE2
PHE,88,CZ
GLY,89,N
GLY,89,CA
GLY,89,C
GLY,89,O
ASN,90,N
ASN,90,CA
ASN,90,C
ASN,90,O
ASN,90,CB
ASN,90,CG
ASN,90,ND2
ASN,90,OD1
VAL,91,N
VAL,91,CA
VAL,91,C
VAL,91,O
VAL,91,CB
VAL,91,CG1
VAL,91,CG2
TYR,92,N
TYR,92,CA
TYR,92,C
TYR,92,O
TYR,92,CB
TYR,92,CG
TYR,92,CD1
TYR,92,CD2
TYR,92,CE1
TYR,92,CE2
TYR,92,CZ
TYR,92,OH
LEU,93,N
LEU,93,CA
LEU,93,C
LEU,93,O
LEU,93,CB
LEU,93,CG
LEU,93,CD1
LEU,93,CD2
ALA,94,N
ALA,94,CA
ALA,94,C
ALA,94,O
ALA,94,CB
ARG,95,N
ARG,95,CA
ARG,95,C
ARG,95,O
ARG,95,CB
ARG,95,CG
ARG,95,CD
ARG,95,NE
ARG,95,CZ
ARG,95,NH1
ARG,95,NH2
GLU,96,N
GLU,96,CA
GLU,96,C
GLU,96,O
GLU,96,CB
GLU,96,CG
GLU,96,CD
GLU,96,OE1
GLU,96,OE2
LYS,97,N
LYS,97,CA
LYS,97,C
LYS,97,O
LYS,97,CB
LYS,97,CG
LYS,97,CD
LYS,97,CE
LYS,97,NZ
LYS,98,N
LYS,98,CA
LYS,98,C
LYS,98,O
LYS,98,CB
LYS,98,CG
LYS,98,CD
LYS,98,CE
SER,99,N
SER,99,CA
SER,99,C
SER,99,O
SER,99,CB
SER,99,OG
HIS,100,N
HIS,100,CA
HIS,100,C
HIS,100,O
HIS,100,CB
HIS,100,CG
HIS,100,CD2
HIS,100,ND1
HIS,100,CE1
HIS,100,NE2
PHE,101,N
PHE,101,CA
PHE,101,C
PHE,101,O
PHE,101,CB
PHE,101,CG
PHE,101,CD1
PHE,101,CD2
PHE,101,CE1
PHE,101,CE2
PHE,101,CZ
ILE,102,N
ILE,102,CA
ILE,102,C
ILE,102,O
ILE,102,CB
ILE,102,CG1
ILE,102,CG2
ILE,102,CD1
VAL,103,N
VAL,103,CA
VAL,103,C
VAL,103,O
VAL,103,CB
VAL,103,CG1
VAL,103,CG2
ALA,104,N
ALA,104,CA
ALA,104,C
ALA,104,O
ALA,104,CB
LEU,105,N
LEU,105,CA
LEU,105,C
LEU,105,O
LEU,105,CB
LEU,105,CG
LEU,105,CD1
LEU,105,CD2
LYS,106,N
LYS,106,CA
LYS,106,C
LYS,106,O
LYS,106,CB
LYS,106,CG
LYS,106,CD
LYS,106,CE
LYS,106,NZ
VAL,107,N
VAL,107,CA
VAL,107,C
VAL,107,O
VAL,107,CB
VAL,107,CG1
VAL,107,CG2
LEU,108,N
LEU,108,CA
LEU,108,C
LEU,108,O
LEU,108,CB
LEU,108,CG
LEU,108,CD1
LEU,108,CD2
PHE,109,N
PHE,109,CA
PHE,109,C
PHE,109,O
PHE,109,CB
PHE,109,CG
PHE,109,CD1
PHE,109,CD2
PHE,109,CE1
PHE,109,CE2
PHE,109,CZ
LYS,110,N
LYS,110,CA
LYS,110,C
LYS,110,O
LYS,110,CB
LYS,110,CG
LYS,110,CD
LYS,110,CE
LYS,110,NZ
SER,111,N
SER,111,CA
SER,111,C
SER,111,O
SER,111,CB
SER,111,OG
GLN,112,N
GLN,112,CA
GLN,112,C
GLN,112,O
GLN,112,CB
GLN,112,CG
GLN,112,CD
GLN,112,NE2
GLN,112,OE1
ILE,113,N
ILE,113,CA
ILE,113,C
ILE,113,O
ILE,113,CB
ILE,113,CG1
ILE,113,CG2
ILE,113,CD1
GLU,114,N
GLU,114,CA
GLU,114,C
GLU,114,O
GLU,114,CB
GLU,114,CG
LYS,115,N
LYS,115,CA
LYS,115,C
LYS,115,O
LYS,115,CB
LYS,115,CG
LYS,115,CD
LYS,115,CE
LYS,115,NZ
GLU,116,N
GLU,116,CA
GLU,116,C
GLU,116,O
GLU,116,CB
GLU,116,CG
GLU,116,CD
GLU,116,OE1
GLU,116,OE2
GLY,117,N
GLY,117,CA
GLY,117,C
GLY,117,O
VAL,118,N
VAL,118,CA
VAL,118,C
VAL,118,O
VAL,118,CB
VAL,118,CG1
VAL,118,CG2
GLU,119,N
GLU,119,CA
GLU,119,C
GLU,119,O
GLU,119,CB
GLU,119,CG
GLU,119,CD
GLU,119,OE1
GLU,119,OE2
HIS,120,N
HIS,120,CA
HIS,120,C
HIS,120,O
HIS,120,CB
HIS,120,CG
HIS,120,CD2
HIS,120,ND1
HIS,120,CE1
HIS,120,NE2
GLN,121,N
GLN,121,CA
GLN,121,C
GLN,121,O
GLN,121,CB
GLN,121,CG
GLN,121,CD
GLN,121,NE2
GLN,121,OE1
LEU,122,N
LEU,122,CA
LEU,122,C
LEU,122,O
LEU,122,CB
LEU,122,CG
LEU,122,CD1
LEU,122,CD2
ARG,123,N
ARG,123,CA
ARG,123,C
ARG,123,O
ARG,123,CB
ARG,123,CG
ARG,123,CD
ARG,123,NE
ARG,123,CZ
ARG,123,NH1
ARG,123,NH2
ARG,124,N
ARG,124,CA
ARG,124,C
ARG,124,O
ARG,124,CB
ARG,124,CG
ARG,124,CD
ARG,124,NE
ARG,124,CZ
ARG,124,NH1
ARG,124,NH2
GLU,125,N
GLU,125,CA
GLU,125,C
GLU,125,O
GLU,125,CB
GLU,125,CG
GLU,125,CD
GLU,125,OE1
GLU,125,OE2
ILE,126,N
ILE,126,CA
ILE,126,C
ILE,126,O
ILE,126,CB
ILE,126,CG1
ILE,126,CG2
ILE,126,CD1
GLU,127,N
GLU,127,CA
GLU,127,C
GLU,127,O
GLU,127,CB
GLU,127,CG
GLU,127,CD
GLU,127,OE1
GLU,127,OE2
ILE,128,N
ILE,128,CA
ILE,128,C
ILE,128,O
ILE,128,CB
ILE,128,CG1
ILE,128,CG2
ILE,128,CD1
GLN,129,N
GLN,129,CA
GLN,129,C
GLN,129,O
GLN,129,CB
GLN,129,CG
GLN,129,CD
GLN,129,NE2
GLN,129,OE1
ALA,130,N
ALA,130,CA
ALA,130,C
ALA,130,O
ALA,130,CB
HIS,131,N
HIS,131,CA
HIS,131,C
HIS,131,O
HIS,131,CB
HIS,131,CG
HIS,131,CD2
HIS,131,ND1
HIS,131,CE1
HIS,131,NE2
LEU,132,N
LEU,132,CA
LEU,132,C
LEU,132,O
LEU,132,CB
LEU,132,CG
LEU,132,CD1
LEU,132,CD2
HIS,133,N
HIS,133,CA
HIS,133,C
HIS,133,O
HIS,133,CB
HIS,133,CG
HIS,133,CD2
HIS,133,ND1
HIS,133,CE1
HIS,133,NE2
HIS,134,N
HIS,134,CA
HIS,134,C
HIS,134,O
HIS,134,CB
HIS,134,CG
HIS,134,CD2
HIS,134,ND1
HIS,134,CE1
HIS,134,NE2
PRO,135,N
PRO,135,CA
PRO,135,C
PRO,135,O
PRO,135,CB
PRO,135,CG
PRO,135,CD
ASN,136,N
ASN,136,CA
ASN,136,C
ASN,136,O
ASN,136,CB
ASN,136,CG
ASN,136,ND2
ASN,136,OD1
ILE,137,N
ILE,137,CA
ILE,137,C
ILE,137,O
ILE,137,CB
ILE,137,CG1
ILE,137,CG2
ILE,137,CD1
LEU,138,N
LEU,138,CA
LEU,138,C
LEU,138,O
LEU,138,CB
LEU,138,CG
LEU,138,CD1
LEU,138,CD2
ARG,139,N
ARG,139,CA
ARG,139,C
ARG,139,O
ARG,139,CB
ARG,139,CG
ARG,139,CD
ARG,139,NE
ARG,139,CZ
ARG,139,NH1
ARG,139,NH2
LEU,140,N
LEU,140,CA
LEU,140,C
LEU,140,O
LEU,140,CB
LEU,140,CG
LEU,140,CD1
LEU,140,CD2
TYR,141,N
TYR,141,CA
TYR,141,C
TYR,141,O
TYR,141,CB
TYR,141,CG
TYR,141,CD1
TYR,141,CD2
TYR,141,CE1
TYR,141,CE2
TYR,141,CZ
TYR,141,OH
ASN,142,N
ASN,142,CA
ASN,142,C
ASN,142,O
ASN,142,CB
ASN,142,CG
ASN,142,ND2
ASN,142,OD1
TYR,143,N
TYR,143,CA
TYR,143,C
TYR,143,O
TYR,143,CB
TYR,143,CG
TYR,143,CD1
TYR,143,CD2
TYR,143,CE1
TYR,143,CE2
TYR,143,CZ
TYR,143,OH
PHE,144,N
PHE,144,CA
PHE,144,C
PHE,144,O
PHE,144,CB
PHE,144,CG
PHE,144,CD1
PHE,144,CD2
PHE,144,CE1
PHE,144,CE2
PHE,144,CZ
TYR,145,N
TYR,145,CA
TYR,145,C
TYR,145,O
TYR,145,CB
TYR,145,CG
TYR,145,CD1
TYR,145,CD2
TYR,145,CE1
TYR,145,CE2
TYR,145,CZ
TYR,145,OH
ASP,146,N
ASP,146,CA
ASP,146,C
ASP,146,O
ASP,146,CB
ASP,146,CG
ASP,146,OD1
ASP,146,OD2
ARG,147,N
ARG,147,CA
ARG,147,C
ARG,147,O
ARG,147,CB
ARG,148,N
ARG,148,CA
ARG,148,C
ARG,148,O
ARG,148,CB
ARG,148,CG
ARG,148,CD
ARG,148,NE
ARG,148,CZ
ARG,148,NH1
ARG,148,NH2
ARG,149,N
ARG,149,CA
ARG,149,C
ARG,149,O
ARG,149,CB
ARG,149,CG
ARG,149,CD
ARG,149,NE
ARG,149,CZ
ARG,149,NH1
ARG,149,NH2
ILE,150,N
ILE,150,CA
ILE,150,C
ILE,150,O
ILE,150,CB
ILE,150,CG1
ILE,150,CG2
ILE,150,CD1
TYR,151,N
TYR,151,CA
TYR,151,C
TYR,151,O
TYR,151,CB
TYR,151,CG
TYR,151,CD1
TYR,151,CD2
TYR,151,CE1
TYR,151,CE2
TYR,151,CZ
TYR,151,OH
LEU,152,N
LEU,152,CA
LEU,152,C
LEU,152,O
LEU,152,CB
LEU,152,CG
LEU,152,CD1
LEU,152,CD2
ILE,153,N
ILE,153,CA
ILE,153,C
ILE,153,O
ILE,153,CB
ILE,153,CG1
ILE,153,CG2
ILE,153,CD1
LEU,154,N
LEU,154,CA
LEU,154,C
LEU,154,O
LEU,154,CB
LEU,154,CG
LEU,154,CD1
LEU,154,CD2
GLU,155,N
GLU,155,CA
GLU,155,C
GLU,155,O
GLU,155,CB
GLU,155,CG
GLU,155,CD
GLU,155,OE1
GLU,155,OE2
TYR,156,N
TYR,156,CA
TYR,156,C
TYR,156,O
TYR,156,CB
TYR,156,CG
TYR,156,CD1
TYR,156,CD2
TYR,156,CE1
TYR,156,CE2
TYR,156,CZ
TYR,156,OH
ALA,157,N
ALA,157,CA
ALA,157,C
ALA,157,O
ALA,157,CB
PRO,158,N
PRO,158,CA
PRO,158,C
PRO,158,O
PRO,158,CB
PRO,158,CG
PRO,158,CD
ARG,159,N
ARG,159,CA
ARG,159,C
ARG,159,O
ARG,159,CB
ARG,159,CG
ARG,159,CD
ARG,159,NE
ARG,159,CZ
ARG,159,NH1
ARG,159,NH2
GLY,160,N
GLY,160,CA
GLY,160,C
GLY,160,O
GLU,161,N
GLU,161,CA
GLU,161,C
GLU,161,O
GLU,161,CB
GLU,161,CG
GLU,161,CD
GLU,161,OE1
GLU,161,OE2
LEU,162,N
LEU,162,CA
LEU,162,C
LEU,162,O
LEU,162,CB
LEU,162,CG
LEU,162,CD1
LEU,162,CD2
TYR,163,N
TYR,163,CA
TYR,163,C
TYR,163,O
TYR,163,CB
TYR,163,CG
TYR,163,CD1
TYR,163,CD2
TYR,163,CE1
TYR,163,CE2
TYR,163,CZ
TYR,163,OH
LYS,164,N
LYS,164,CA
LYS,164,C
LYS,164,O
LYS,164,CB
LYS,164,CG
LYS,164,CD
LYS,164,CE
LYS,164,NZ
GLU,165,N
GLU,165,CA
GLU,165,C
GLU,165,O
GLU,165,CB
GLU,165,CG
GLU,165,CD
GLU,165,OE1
GLU,165,OE2
LEU,166,N
LEU,166,CA
LEU,166,C
LEU,166,O
LEU,166,CB
LEU,166,CG
LEU,166,CD1
LEU,166,CD2
GLN,167,N
GLN,167,CA
GLN,167,C
GLN,167,O
GLN,167,CB
GLN,167,CG
GLN,167,CD
GLN,167,NE2
GLN,167,OE1
LYS,168,N
LYS,168,CA
LYS,168,C
LYS,168,O
LYS,168,CB
LYS,168,CG
LYS,168,CD
SER,169,N
SER,169,CA
SER,169,C
SER,169,O
SER,169,CB
SER,169,OG
CYS,170,N
CYS,170,CA
CYS,170,C
CYS,170,O
CYS,170,CB
CYS,170,SG
THR,171,N
THR,171,CA
THR,171,C
THR,171,O
THR,171,CB
THR,171,CG2
THR,171,OG1
PHE,172,N
PHE,172,CA
PHE,172,C
PHE,172,O
PHE,172,CB
PHE,172,CG
PHE,172,CD1
PHE,172,CD2
PHE,172,CE1
PHE,172,CE2
PHE,172,CZ
ASP,173,N
ASP,173,CA
ASP,173,C
ASP,173,O
ASP,173,CB
ASP,173,CG
ASP,173,OD1
ASP,173,OD2
GLU,174,N
GLU,174,CA
GLU,174,C
GLU,174,O
GLU,174,CB
GLU,174,CG
GLU,174,CD
GLU,174,OE1
GLU,174,OE2
GLN,175,N
GLN,175,CA
GLN,175,C
GLN,175,O
GLN,175,CB
GLN,175,CG
GLN,175,CD
GLN,175,NE2
GLN,175,OE1
ARG,176,N
ARG,176,CA
ARG,176,C
ARG,176,O
ARG,176,CB
ARG,176,CG
ARG,176,CD
ARG,176,NE
ARG,176,CZ
ARG,176,NH1
ARG,176,NH2
THR,177,N
THR,177,CA
THR,177,C
THR,177,O
THR,177,CB
THR,177,CG2
THR,177,OG1
ALA,178,N
ALA,178,CA
ALA,178,C
ALA,178,O
ALA,178,CB
THR,179,N
THR,179,CA
THR,179,C
THR,179,O
THR,179,CB
THR,179,CG2
THR,179,OG1
ILE,180,N
ILE,180,CA
ILE,180,C
ILE,180,O
ILE,180,CB
ILE,180,CG1
ILE,180,CG2
ILE,180,CD1
MET,181,N
MET,181,CA
MET,181,C
MET,181,O
MET,181,CB
MET,181,CG
MET,181,SD
MET,181,CE
GLU,182,N
GLU,182,CA
GLU,182,C
GLU,182,O
GLU,182,CB
GLU,182,CG
GLU,182,CD
GLU,182,OE1
GLU,182,OE2
GLU,183,N
GLU,183,CA
GLU,183,C
GLU,183,O
GLU,183,CB
GLU,183,CG
GLU,183,CD
GLU,183,OE1
GLU,183,OE2
LEU,184,N
LEU,184,CA
LEU,184,C
LEU,184,O
LEU,184,CB
LEU,184,CG
LEU,184,CD1
LEU,184,CD2
ALA,185,N
ALA,185,CA
ALA,185,C
ALA,185,O
ALA,185,CB
ASP,186,N
ASP,186,CA
ASP,186,C
ASP,186,O
ASP,186,CB
ASP,186,CG
ASP,186,OD1
ASP,186,OD2
ALA,187,N
ALA,187,CA
ALA,187,C
ALA,187,O
ALA,187,CB
LEU,188,N
LEU,188,CA
LEU,188,C
LEU,188,O
LEU,188,CB
LEU,188,CG
LEU,188,CD1
LEU,188,CD2
MET,189,N
MET,189,CA
MET,189,C
MET,189,O
MET,189,CB
MET,189,CG
MET,189,SD
MET,189,CE
TYR,190,N
TYR,190,CA
TYR,190,C
TYR,190,O
TYR,190,CB
TYR,190,CG
TYR,190,CD1
TYR,190,CD2
TYR,190,CE1
TYR,190,CE2
TYR,190,CZ
TYR,190,OH
CYS,191,N
CYS,191,CA
CYS,191,C
CYS,191,O
CYS,191,CB
CYS,191,SG
HIS,192,N
HIS,192,CA
HIS,192,C
HIS,192,O
HIS,192,CB
HIS,192,CG
HIS,192,CD2
HIS,192,ND1
HIS,192,CE1
HIS,192,NE2
GLY,193,N
GLY,193,CA
GLY,193,C
GLY,193,O
LYS,194,N
LYS,194,CA
LYS,194,C
LYS,194,O
LYS,194,CB
LYS,194,CG
LYS,194,CD
LYS,194,CE
LYS,194,NZ
LYS,195,N
LYS,195,CA
LYS,195,C
LYS,195,O
LYS,195,CB
VAL,196,N
VAL,196,CA
VAL,196,C
VAL,196,O
VAL,196,CB
VAL,196,CG1
VAL,196,CG2
ILE,197,N
ILE,197,CA
ILE,197,C
ILE,197,O
ILE,197,CB
ILE,197,CG1
ILE,197,CG2
ILE,197,CD1
HIS,198,N
HIS,198,CA
HIS,198,C
HIS,198,O
HIS,198,CB
HIS,198,CG
HIS,198,CD2
HIS,198,ND1
HIS,198,CE1
HIS,198,NE2
ARG,199,N
ARG,199,CA
ARG,199,C
ARG,199,O
ARG,199,CB
ARG,199,CG
ARG,199,CD
ARG,199,NE
ARG,199,CZ
ARG,199,NH1
ARG,199,NH2
ASP,200,N
ASP,200,CA
ASP,200,C
ASP,200,O
ASP,200,CB
ASP,200,CG
ASP,200,OD1
ASP,200,OD2
ILE,201,N
ILE,201,CA
ILE,201,C
ILE,201,O
ILE,201,CB
ILE,201,CG1
ILE,201,CG2
ILE,201,CD1
LYS,202,N
LYS,202,CA
LYS,202,C
LYS,202,O
LYS,202,CB
LYS,202,CG
PRO,203,N
PRO,203,CA
PRO,203,C
PRO,203,O
PRO,203,CB
PRO,203,CG
PRO,203,CD
GLU,204,N
GLU,204,CA
GLU,204,C
GLU,204,O
GLU,204,CB
GLU,204,CG
GLU,204,CD
GLU,204,OE1
GLU,204,OE2
ASN,205,N
ASN,205,CA
ASN,205,C
ASN,205,O
ASN,205,CB
ASN,205,CG
ASN,205,ND2
ASN,205,OD1
LEU,206,N
LEU,206,CA
LEU,206,C
LEU,206,O
LEU,206,CB
LEU,206,CG
LEU,206,CD1
LEU,206,CD2
LEU,207,N
LEU,207,CA
LEU,207,C
LEU,207,O
LEU,207,CB
LEU,207,CG
LEU,207,CD1
LEU,207,CD2
LEU,208,N
LEU,208,CA
LEU,208,C
LEU,208,O
LEU,208,CB
LEU,208,CG
LEU,208,CD1
LEU,208,CD2
GLY,209,N
GLY,209,CA
GLY,209,C
GLY,209,O
LEU,210,N
LEU,210,CA
LEU,210,C
LEU,210,O
LEU,210,CB
LEU,210,CG
LEU,210,CD1
LEU,210,CD2
LYS,211,N
LYS,211,CA
LYS,211,C
LYS,211,O
LYS,211,CB
LYS,211,CG
LYS,211,CD
GLY,212,N
GLY,212,CA
GLY,212,C
GLY,212,O
GLU,213,N
GLU,213,CA
GLU,213,C
GLU,213,O
GLU,213,CB
GLU,213,CG
GLU,213,CD
GLU,213,OE1
GLU,213,OE2
LEU,214,N
LEU,214,CA
LEU,214,C
LEU,214,O
LEU,214,CB
LEU,214,CG
LEU,214,CD1
LEU,214,CD2
LYS,215,N
LYS,215,CA
LYS,215,C
LYS,215,O
LYS,215,CB
LYS,215,CG
LYS,215,CD
LYS,215,CE
LYS,215,NZ
ILE,216,N
ILE,216,CA
ILE,216,C
ILE,216,O
ILE,216,CB
ILE,216,CG1
ILE,216,CG2
ILE,216,CD1
ALA,217,N
ALA,217,CA
ALA,217,C
ALA,217,O
ALA,217,CB
ASP,218,N
ASP,218,CA
ASP,218,C
ASP,218,O
ASP,218,CB
PHE,219,N
PHE,219,CA
PHE,219,C
PHE,219,O
PHE,219,CB
PHE,219,CG
PHE,219,CD1
PHE,219,CD2
PHE,219,CE1
PHE,219,CE2
PHE,219,CZ
GLY,220,N
GLY,220,CA
GLY,220,C
GLY,220,O
TRP,221,CA
SER,222,CA
VAL,223,CA
HIS,224,CA
ALA,225,CA
PRO,226,CA
SER,227,CA
LEU,228,CA
ARG,229,CA
ARG,230,CA
LYS,231,CA
THR,232,CA
MET,233,CA
CYS,234,CA
GLY,235,CA
THR,236,CA
LEU,237,N
LEU,237,CA
LEU,237,C
LEU,237,O
LEU,237,CB
LEU,237,CG
LEU,237,CD1
LEU,237,CD2
ASP,238,N
ASP,238,CA
ASP,238,C
ASP,238,O
ASP,238,CB
ASP,238,CG
ASP,238,OD1
ASP,238,OD2
TYR,239,N
TYR,239,CA
TYR,239,C
TYR,239,O
TYR,239,CB
TYR,239,CG
TYR,239,CD1
TYR,239,CD2
TYR,239,CE1
TYR,239,CE2
TYR,239,CZ
TYR,239,OH
LEU,240,N
LEU,240,CA
LEU,240,C
LEU,240,O
LEU,240,CB
LEU,240,CG
LEU,240,CD1
LEU,240,CD2
PRO,241,N
PRO,241,CA
PRO,241,C
PRO,241,O
PRO,241,CB
PRO,241,CG
PRO,241,CD
PRO,242,N
PRO,242,CA
PRO,242,C
PRO,242,O
PRO,242,CB
PRO,242,CG
PRO,242,CD
GLU,243,N
GLU,243,CA
GLU,243,C
GLU,243,O
GLU,243,CB
GLU,243,CG
GLU,243,CD
GLU,243,OE1
GLU,243,OE2
MET,244,N
MET,244,CA
MET,244,C
MET,244,O
MET,244,CB
MET,244,CG
MET,244,SD
MET,244,CE
ILE,245,N
ILE,245,CA
ILE,245,C
ILE,245,O
ILE,245,CB
ILE,245,CG1
ILE,245,CG2
ILE,245,CD1
GLU,246,N
GLU,246,CA
GLU,246,C
GLU,246,O
GLU,246,CB
GLU,246,CG
GLU,246,CD
GLU,246,OE1
GLU,246,OE2
GLY,247,N
GLY,247,CA
GLY,247,C
GLY,247,O
ARG,248,N
ARG,248,CA
ARG,248,C
ARG,248,O
ARG,248,CB
ARG,248,CG
ARG,248,CD
ARG,248,NE
ARG,248,CZ
ARG,248,NH1
ARG,248,NH2
MET,249,N
MET,249,CA
MET,249,C
MET,249,O
MET,249,CB
MET,249,CG
MET,249,SD
MET,249,CE
HIS,250,N
HIS,250,CA
HIS,250,C
HIS,250,O
HIS,250,CB
HIS,250,CG
HIS,250,CD2
HIS,250,ND1
HIS,250,CE1
HIS,250,NE2
ASN,251,N
ASN,251,CA
ASN,251,C
ASN,251,O
ASN,251,CB
ASN,251,CG
ASN,251,ND2
ASN,251,OD1
GLU,252,N
GLU,252,CA
GLU,252,C
GLU,252,O
GLU,252,CB
GLU,252,CG
GLU,252,CD
GLU,252,OE1
GLU,252,OE2
LYS,253,N
LYS,253,CA
LYS,253,C
LYS,253,O
LYS,253,CB
LYS,253,CG
LYS,253,CD
LYS,253,CE
VAL,254,N
VAL,254,CA
VAL,254,C
VAL,254,O
VAL,254,CB
VAL,254,CG1
VAL,254,CG2
ASP,255,N
ASP,255,CA
ASP,255,C
ASP,255,O
ASP,255,CB
ASP,255,CG
ASP,255,OD1
ASP,255,OD2
LEU,256,N
LEU,256,CA
LEU,256,C
LEU,256,O
LEU,256,CB
LEU,256,CG
LEU,256,CD1
LEU,256,CD2
TRP,257,N
TRP,257,CA
TRP,257,C
TRP,257,O
TRP,257,CB
TRP,257,CG
TRP,257,CD1
TRP,257,CD2
TRP,257,CE2
TRP,257,CE3
TRP,257,NE1
TRP,257,CZ2
TRP,257,CZ3
TRP,257,CH2
CYS,258,N
CYS,258,CA
CYS,258,C
CYS,258,O
CYS,258,CB
CYS,258,SG
ILE,259,N
ILE,259,CA
ILE,259,C
ILE,259,O
ILE,259,CB
ILE,259,CG1
ILE,259,CG2
ILE,259,CD1
GLY,260,N
GLY,260,CA
GLY,260,C
GLY,260,O
VAL,261,N
VAL,261,CA
VAL,261,C
VAL,261,O
VAL,261,CB
VAL,261,CG1
VAL,261,CG2
LEU,262,N
LEU,262,CA
LEU,262,C
LEU,262,O
LEU,262,CB
LEU,262,CG
LEU,262,CD1
LEU,262,CD2
CYS,263,N
CYS,263,CA
CYS,263,C
CYS,263,O
CYS,263,CB
CYS,263,SG
TYR,264,N
TYR,264,CA
TYR,264,C
TYR,264,O
TYR,264,CB
TYR,264,CG
TYR,264,CD1
TYR,264,CD2
TYR,264,CE1
TYR,264,CE2
TYR,264,CZ
TYR,264,OH
GLU,265,N
GLU,265,CA
GLU,265,C
GLU,265,O
GLU,265,CB
GLU,265,CG
GLU,265,CD
GLU,265,OE1
GLU,265,OE2
LEU,266,N
LEU,266,CA
LEU,266,C
LEU,266,O
LEU,266,CB
LEU,266,CG
LEU,266,CD1
LEU,266,CD2
LEU,267,N
LEU,267,CA
LEU,267,C
LEU,267,O
LEU,267,CB
LEU,267,CG
LEU,267,CD1
LEU,267,CD2
VAL,268,N
VAL,268,CA
VAL,268,C
VAL,268,O
VAL,268,CB
VAL,268,CG1
VAL,268,CG2
GLY,269,N
GLY,269,CA
GLY,269,C
GLY,269,O
ASN,270,N
ASN,270,CA
ASN,270,C
ASN,270,O
ASN,270,CB
ASN,270,CG
ASN,270,ND2
ASN,270,OD1
PRO,271,N
PRO,271,CA
PRO,271,C
PRO,271,O
PRO,271,CB
PRO,271,CG
PRO,271,CD
PRO,272,N
PRO,272,CA
PRO,272,C
PRO,272,O
PRO,272,CB
PRO,272,CG
PRO,272,CD
PHE,273,N
PHE,273,CA
PHE,273,C
PHE,273,O
PHE,273,CB
PHE,273,CG
PHE,273,CD1
PHE,273,CD2
PHE,273,CE1
PHE,273,CE2
PHE,273,CZ
GLU,274,N
GLU,274,CA
GLU,274,C
GLU,274,O
GLU,274,CB
GLU,274,CG
GLU,274,CD
GLU,274,OE1
GLU,274,OE2
SER,275,N
SER,275,CA
SER,275,C
SER,275,O
SER,275,CB
SER,275,OG
ALA,276,N
ALA,276,CA
ALA,276,C
ALA,276,O
ALA,276,CB
SER,277,N
SER,277,CA
SER,277,C
SER,277,O
SER,277,CB
SER,277,OG
HIS,278,N
HIS,278,CA
HIS,278,C
HIS,278,O
HIS,278,CB
HIS,278,CG
HIS,278,CD2
HIS,278,ND1
HIS,278,CE1
HIS,278,NE2
ASN,279,N
ASN,279,CA
ASN,279,C
ASN,279,O
ASN,279,CB
ASN,279,CG
ASN,279,ND2
ASN,279,OD1
GLU,280,N
GLU,280,CA
GLU,280,C
GLU,280,O
GLU,280,CB
GLU,280,CG
GLU,280,CD
GLU,280,OE1
GLU,280,OE2
THR,281,N
THR,281,CA
THR,281,C
THR,281,O
THR,281,CB
THR,281,CG2
THR,281,OG1
TYR,282,N
TYR,282,CA
TYR,282,C
TYR,282,O
TYR,282,CB
TYR,282,CG
TYR,282,CD1
TYR,282,CD2
TYR,282,CE1
TYR,282,CE2
TYR,282,CZ
TYR,282,OH
ARG,283,N
ARG,283,CA
ARG,283,C
ARG,283,O
ARG,283,CB
ARG,283,CG
ARG,283,CD
ARG,283,NE
ARG,283,CZ
ARG,283,NH1
ARG,283,NH2
ARG,284,N
ARG,284,CA
ARG,284,C
ARG,284,O
ARG,284,CB
ARG,284,CG
ARG,284,CD
ARG,284,NE
ARG,284,CZ
ARG,284,NH1
ARG,284,NH2
ILE,285,N
ILE,285,CA
ILE,285,C
ILE,285,O
ILE,285,CB
ILE,285,CG1
ILE,285,CG2
ILE,285,CD1
VAL,286,N
VAL,286,CA
VAL,286,C
VAL,286,O
VAL,286,CB
VAL,286,CG1
VAL,286,CG2
LYS,287,N
LYS,287,CA
LYS,287,C
LYS,287,O
LYS,287,CB
VAL,288,N
VAL,288,CA
VAL,288,C
VAL,288,O
VAL,288,CB
VAL,288,CG1
VAL,288,CG2
ASP,289,N
ASP,289,CA
ASP,289,C
ASP,289,O
ASP,289,CB
ASP,289,CG
ASP,289,OD1
ASP,289,OD2
LEU,290,N
LEU,290,CA
LEU,290,C
LEU,290,O
LEU,290,CB
LEU,290,CG
LEU,290,CD1
LEU,290,CD2
LYS,291,N
LYS,291,CA
LYS,291,C
LYS,291,O
LYS,291,CB
LYS,291,CG
LYS,291,CD
LYS,291,CE
LYS,291,NZ
PHE,292,N
PHE,292,CA
PHE,292,C
PHE,292,O
PHE,292,CB
PHE,292,CG
PHE,292,CD1
PHE,292,CD2
PHE,292,CE1
PHE,292,CE2
PHE,292,CZ
PRO,293,N
PRO,293,CA
PRO,293,C
PRO,293,O
PRO,293,CB
PRO,293,CG
PRO,293,CD
ALA,294,N
ALA,294,CA
ALA,294,C
ALA,294,O
ALA,294,CB
SER,295,N
SER,295,CA
SER,295,C
SER,295,O
SER,295,CB
SER,295,OG
VAL,296,N
VAL,296,CA
VAL,296,C
VAL,296,O
VAL,296,CB
VAL,296,CG1
VAL,296,CG2
PRO,297,N
PRO,297,CA
PRO,297,C
PRO,297,O
PRO,297,CB
PRO,297,CG
PRO,297,CD
THR,298,N
THR,298,CA
THR,298,C
THR,298,O
THR,298,CB
THR,298,CG2
THR,298,OG1
GLY,299,N
GLY,299,CA
GLY,299,C
GLY,299,O
ALA,300,N
ALA,300,CA
ALA,300,C
ALA,300,O
ALA,300,CB
GLN,301,N
GLN,301,CA
GLN,301,C
GLN,301,O
GLN,301,CB
GLN,301,CG
GLN,301,CD
GLN,301,NE2
GLN,301,OE1
ASP,302,N
ASP,302,CA
ASP,302,C
ASP,302,O
ASP,302,CB
ASP,302,CG
ASP,302,OD1
ASP,302,OD2
LEU,303,N
LEU,303,CA
LEU,303,C
LEU,303,O
LEU,303,CB
LEU,303,CG
LEU,303,CD1
LEU,303,CD2
ILE,304,N
ILE,304,CA
ILE,304,C
ILE,304,O
ILE,304,CB
ILE,304,CG1
ILE,304,CG2
ILE,304,CD1
SER,305,N
SER,305,CA
SER,305,C
SER,305,O
SER,305,CB
SER,305,OG
LYS,306,N
LYS,306,CA
LYS,306,C
LYS,306,O
LYS,306,CB
LYS,306,CG
LYS,306,CD
LYS,306,CE
LYS,306,NZ
LEU,307,N
LEU,307,CA
LEU,307,C
LEU,307,O
LEU,307,CB
LEU,307,CG
LEU,307,CD1
LEU,307,CD2
LEU,308,N
LEU,308,CA
LEU,308,C
LEU,308,O
LEU,308,CB
LEU,308,CG
LEU,308,CD1
LEU,308,CD2
ARG,309,N
ARG,309,CA
ARG,309,C
ARG,309,O
ARG,309,CB
ARG,309,CG
ARG,309,CD
ARG,309,NE
ARG,309,CZ
ARG,309,NH1
ARG,309,NH2
HIS,310,N
HIS,310,CA
HIS,310,C
HIS,310,O
HIS,310,CB
HIS,310,CG
HIS,310,CD2
HIS,310,ND1
HIS,310,CE1
HIS,310,NE2
ASN,311,N
ASN,311,CA
ASN,311,C
ASN,311,O
ASN,311,CB
ASN,311,CG
ASN,311,ND2
ASN,311,OD1
PRO,312,N
PRO,312,CA
PRO,312,C
PRO,312,O
PRO,312,CB
PRO,312,CG
PRO,312,CD
SER,313,N
SER,313,CA
SER,313,C
SER,313,O
SER,313,CB
SER,313,OG
GLU,314,N
GLU,314,CA
GLU,314,C
GLU,314,O
GLU,314,CB
GLU,314,CG
GLU,314,CD
GLU,314,OE1
GLU,314,OE2
ARG,315,N
ARG,315,CA
ARG,315,C
ARG,315,O
ARG,315,CB
ARG,315,CG
ARG,315,CD
ARG,315,NE
ARG,315,CZ
ARG,315,NH1
ARG,315,NH2
LEU,316,N
LEU,316,CA
LEU,316,C
LEU,316,O
LEU,316,CB
LEU,316,CG
LEU,316,CD1
LEU,316,CD2
PRO,317,N
PRO,317,CA
PRO,317,C
PRO,317,O
PRO,317,CB
PRO,317,CG
PRO,317,CD
LEU,318,N
LEU,318,CA
LEU,318,C
LEU,318,O
LEU,318,CB
LEU,318,CG
LEU,318,CD1
LEU,318,CD2
ALA,319,N
ALA,319,CA
ALA,319,C
ALA,319,O
ALA,319,CB
GLN,320,N
GLN,320,CA
GLN,320,C
GLN,320,O
GLN,320,CB
GLN,320,CG
GLN,320,CD
GLN,320,NE2
GLN,320,OE1
VAL,321,N
VAL,321,CA
VAL,321,C
VAL,321,O
VAL,321,CB
VAL,321,CG1
VAL,321,CG2
SER,322,N
SER,322,CA
SER,322,C
SER,322,O
SER,322,CB
SER,322,OG
ALA,323,N
ALA,323,CA
ALA,323,C
ALA,323,O
ALA,323,CB
HIS,324,N
HIS,324,CA
HIS,324,C
HIS,324,O
HIS,324,CB
HIS,324,CG
HIS,324,CD2
HIS,324,ND1
HIS,324,CE1
HIS,324,NE2
PRO,325,N
PRO,325,CA
PRO,325,C
PRO,325,O
PRO,325,CB
PRO,325,CG
PRO,325,CD
TRP,326,N
TRP,326,CA
TRP,326,C
TRP,326,O
TRP,326,CB
TRP,326,CG
TRP,326,CD1
TRP,326,CD2
TRP,326,CE2
TRP,326,CE3
TRP,326,NE1
TRP,326,CZ2
TRP,326,CZ3
TRP,326,CH2
VAL,327,N
VAL,327,CA
VAL,327,C
VAL,327,O
VAL,327,CB
VAL,327,CG1
VAL,327,CG2
ARG,328,N
ARG,328,CA
ARG,328,C
ARG,328,O
ARG,328,CB
ARG,328,CG
ARG,328,CD
ARG,328,NE
ARG,328,CZ
ARG,328,NH1
ARG,328,NH2
ALA,329,N
ALA,329,CA
ALA,329,C
ALA,329,O
ALA,329,CB
ASN,330,N
ASN,330,CA
ASN,330,C
ASN,330,O
ASN,330,CB
ASN,330,CG
ASN,330,ND2
ASN,330,OD1
SER,331,N
SER,331,CA
SER,331,C
SER,331,O
SER,331,CB
SER,331,OG
ARG,332,N
ARG,332,CA
ARG,332,C
ARG,332,O
ARG,332,CB
ARG,333,N
ARG,333,CA
ARG,333,C
ARG,333,O
ARG,333,CB
ARG,333,CG
ARG,333,CD
ARG,333,NE
ARG,333,CZ
ARG,333,NH1
ARG,333,NH2
VAL,334,N
VAL,334,CA
VAL,334,C
VAL,334,O
VAL,334,CB
VAL,334,CG1
VAL,334,CG2
LEU,335,N
LEU,335,CA
LEU,335,C
LEU,335,O
LEU,335,CB
LEU,335,CG
LEU,335,CD1
LEU,335,CD2
PRO,336,N
PRO,336,CA
PRO,336,C
PRO,336,O
PRO,336,CB
PRO,336,CG
PRO,336,CD
PRO,337,N
PRO,337,CA
PRO,337,C
PRO,337,O
PRO,337,CB
PRO,337,CG
PRO,337,CD
SER,338,N
SER,338,CA
SER,338,C
SER,338,O
SER,338,CB
ALA,339,CA
LEU,340,CA
GLN,341,CA
SER,342,CA
VAL,343,CA
ALA,344,CA
