SER,53
MET,54
GLN,55
LYS,56
VAL,57
MET,58
GLU,59
ASN,60
SER,61
SER,62
GLY,63
THR,64
PRO,65
ASP,66
ILE,67
LEU,68
THR,69
ARG,70
HIS,71
PHE,72
PHE,72
PHE,72
PHE,72
PHE,72
PHE,72
PHE,72
PHE,72
PHE,72
PHE,72
PHE,72
THR,73
THR,73
THR,73
THR,73
THR,73
THR,73
THR,73
ILE,74
ILE,74
ILE,74
ILE,74
ILE,74
ILE,74
ILE,74
ILE,74
ASP,75
ASP,75
ASP,75
ASP,75
ASP,75
ASP,75
ASP,75
ASP,75
ASP,76
ASP,76
ASP,76
ASP,76
ASP,76
ASP,76
ASP,76
ASP,76
PHE,77
PHE,77
PHE,77
PHE,77
PHE,77
PHE,77
PHE,77
PHE,77
PHE,77
PHE,77
PHE,77
GLU,78
GLU,78
GLU,78
GLU,78
GLU,78
GLU,78
GLU,78
GLU,78
GLU,78
ILE,79
ILE,79
ILE,79
ILE,79
ILE,79
ILE,79
ILE,79
ILE,79
GLY,80
GLY,80
GLY,80
GLY,80
ARG,81
ARG,81
ARG,81
ARG,81
ARG,81
ARG,81
ARG,81
ARG,81
ARG,81
ARG,81
ARG,81
PRO,82
PRO,82
PRO,82
PRO,82
PRO,82
PRO,82
PRO,82
LEU,83
LEU,83
LEU,83
LEU,83
LEU,83
LEU,83
LEU,83
LEU,83
GLY,84
GLY,84
GLY,84
GLY,84
LYS,85
LYS,85
LYS,85
LYS,85
LYS,85
LYS,85
GLY,86
GLY,86
GLY,86
GLY,86
LYS,87
LYS,87
LYS,87
LYS,87
LYS,87
LYS,87
PHE,88
PHE,88
PHE,88
PHE,88
PHE,88
PHE,88
PHE,88
PHE,88
PHE,88
PHE,88
PHE,88
GLY,89
GLY,89
GLY,89
GLY,89
ASN,90
ASN,90
ASN,90
ASN,90
ASN,90
ASN,90
ASN,90
ASN,90
VAL,91
VAL,91
VAL,91
VAL,91
VAL,91
VAL,91
VAL,91
TYR,92
TYR,92
TYR,92
TYR,92
TYR,92
TYR,92
TYR,92
TYR,92
TYR,92
TYR,92
TYR,92
TYR,92
LEU,93
LEU,93
LEU,93
LEU,93
LEU,93
LEU,93
LEU,93
LEU,93
ALA,94
ALA,94
ALA,94
ALA,94
ALA,94
ARG,95
ARG,95
ARG,95
ARG,95
ARG,95
ARG,95
ARG,95
ARG,95
ARG,95
ARG,95
ARG,95
GLU,96
GLU,96
GLU,96
GLU,96
GLU,96
GLU,96
GLU,96
GLU,96
GLU,96
LYS,97
LYS,97
LYS,97
LYS,97
LYS,97
LYS,97
LYS,97
LYS,97
LYS,97
LYS,98
LYS,98
LYS,98
LYS,98
LYS,98
LYS,98
LYS,98
LYS,98
SER,99
SER,99
SER,99
SER,99
SER,99
SER,99
HIS,100
HIS,100
HIS,100
HIS,100
HIS,100
HIS,100
HIS,100
HIS,100
HIS,100
HIS,100
PHE,101
PHE,101
PHE,101
PHE,101
PHE,101
PHE,101
PHE,101
PHE,101
PHE,101
PHE,101
PHE,101
ILE,102
ILE,102
ILE,102
ILE,102
ILE,102
ILE,102
ILE,102
ILE,102
VAL,103
VAL,103
VAL,103
VAL,103
VAL,103
VAL,103
VAL,103
ALA,104
ALA,104
ALA,104
ALA,104
ALA,104
LEU,105
LEU,105
LEU,105
LEU,105
LEU,105
LEU,105
LEU,105
LEU,105
LYS,106
LYS,106
LYS,106
LYS,106
LYS,106
LYS,106
LYS,106
LYS,106
LYS,106
VAL,107
VAL,107
VAL,107
VAL,107
VAL,107
VAL,107
VAL,107
LEU,108
LEU,108
LEU,108
LEU,108
LEU,108
LEU,108
LEU,108
LEU,108
PHE,109
PHE,109
PHE,109
PHE,109
PHE,109
PHE,109
PHE,109
PHE,109
PHE,109
PHE,109
PHE,109
LYS,110
LYS,110
LYS,110
LYS,110
LYS,110
LYS,110
LYS,110
LYS,110
LYS,110
SER,111
SER,111
SER,111
SER,111
SER,111
SER,111
GLN,112
GLN,112
GLN,112
GLN,112
GLN,112
GLN,112
GLN,112
GLN,112
GLN,112
ILE,113
ILE,113
ILE,113
ILE,113
ILE,113
ILE,113
ILE,113
ILE,113
GLU,114
GLU,114
GLU,114
GLU,114
GLU,114
GLU,114
LYS,115
LYS,115
LYS,115
LYS,115
LYS,115
LYS,115
LYS,115
LYS,115
LYS,115
GLU,116
GLU,116
GLU,116
GLU,116
GLU,116
GLU,116
GLU,116
GLU,116
GLU,116
GLY,117
GLY,117
GLY,117
GLY,117
VAL,118
VAL,118
VAL,118
VAL,118
VAL,118
VAL,118
VAL,118
GLU,119
GLU,119
GLU,119
GLU,119
GLU,119
GLU,119
GLU,119
GLU,119
GLU,119
HIS,120
HIS,120
HIS,120
HIS,120
HIS,120
HIS,120
HIS,120
HIS,120
HIS,120
HIS,120
GLN,121
GLN,121
GLN,121
GLN,121
GLN,121
GLN,121
GLN,121
GLN,121
GLN,121
LEU,122
LEU,122
LEU,122
LEU,122
LEU,122
LEU,122
LEU,122
LEU,122
ARG,123
ARG,123
ARG,123
ARG,123
ARG,123
ARG,123
ARG,123
ARG,123
ARG,123
ARG,123
ARG,123
ARG,124
ARG,124
ARG,124
ARG,124
ARG,124
ARG,124
ARG,124
ARG,124
ARG,124
ARG,124
ARG,124
GLU,125
GLU,125
GLU,125
GLU,125
GLU,125
GLU,125
GLU,125
GLU,125
GLU,125
ILE,126
ILE,126
ILE,126
ILE,126
ILE,126
ILE,126
ILE,126
ILE,126
GLU,127
GLU,127
GLU,127
GLU,127
GLU,127
GLU,127
GLU,127
GLU,127
GLU,127
ILE,128
ILE,128
ILE,128
ILE,128
ILE,128
ILE,128
ILE,128
ILE,128
GLN,129
GLN,129
GLN,129
GLN,129
GLN,129
GLN,129
GLN,129
GLN,129
GLN,129
ALA,130
ALA,130
ALA,130
ALA,130
ALA,130
HIS,131
HIS,131
HIS,131
HIS,131
HIS,131
HIS,131
HIS,131
HIS,131
HIS,131
HIS,131
LEU,132
LEU,132
LEU,132
LEU,132
LEU,132
LEU,132
LEU,132
LEU,132
HIS,133
HIS,133
HIS,133
HIS,133
HIS,133
HIS,133
HIS,133
HIS,133
HIS,133
HIS,133
HIS,134
HIS,134
HIS,134
HIS,134
HIS,134
HIS,134
HIS,134
HIS,134
HIS,134
HIS,134
PRO,135
PRO,135
PRO,135
PRO,135
PRO,135
PRO,135
PRO,135
ASN,136
ASN,136
ASN,136
ASN,136
ASN,136
ASN,136
ASN,136
ASN,136
ILE,137
ILE,137
ILE,137
ILE,137
ILE,137
ILE,137
ILE,137
ILE,137
LEU,138
LEU,138
LEU,138
LEU,138
LEU,138
LEU,138
LEU,138
LEU,138
ARG,139
ARG,139
ARG,139
ARG,139
ARG,139
ARG,139
ARG,139
ARG,139
ARG,139
ARG,139
ARG,139
LEU,140
LEU,140
LEU,140
LEU,140
LEU,140
LEU,140
LEU,140
LEU,140
TYR,141
TYR,141
TYR,141
TYR,141
TYR,141
TYR,141
TYR,141
TYR,141
TYR,141
TYR,141
TYR,141
TYR,141
ASN,142
ASN,142
ASN,142
ASN,142
ASN,142
ASN,142
ASN,142
ASN,142
TYR,143
TYR,143
TYR,143
TYR,143
TYR,143
TYR,143
TYR,143
TYR,143
TYR,143
TYR,143
TYR,143
TYR,143
PHE,144
PHE,144
PHE,144
PHE,144
PHE,144
PHE,144
PHE,144
PHE,144
PHE,144
PHE,144
PHE,144
TYR,145
TYR,145
TYR,145
TYR,145
TYR,145
TYR,145
TYR,145
TYR,145
TYR,145
TYR,145
TYR,145
TYR,145
ASP,146
ASP,146
ASP,146
ASP,146
ASP,146
ASP,146
ASP,146
ASP,146
ARG,147
ARG,147
ARG,147
ARG,147
ARG,147
ARG,148
ARG,148
ARG,148
ARG,148
ARG,148
ARG,148
ARG,148
ARG,148
ARG,148
ARG,148
ARG,148
ARG,149
ARG,149
ARG,149
ARG,149
ARG,149
ARG,149
ARG,149
ARG,149
ARG,149
ARG,149
ARG,149
ILE,150
ILE,150
ILE,150
ILE,150
ILE,150
ILE,150
ILE,150
ILE,150
TYR,151
TYR,151
TYR,151
TYR,151
TYR,151
TYR,151
TYR,151
TYR,151
TYR,151
TYR,151
TYR,151
TYR,151
LEU,152
LEU,152
LEU,152
LEU,152
LEU,152
LEU,152
LEU,152
LEU,152
ILE,153
ILE,153
ILE,153
ILE,153
ILE,153
ILE,153
ILE,153
ILE,153
LEU,154
LEU,154
LEU,154
LEU,154
LEU,154
LEU,154
LEU,154
LEU,154
GLU,155
GLU,155
GLU,155
GLU,155
GLU,155
GLU,155
GLU,155
GLU,155
GLU,155
TYR,156
TYR,156
TYR,156
TYR,156
TYR,156
TYR,156
TYR,156
TYR,156
TYR,156
TYR,156
TYR,156
TYR,156
ALA,157
ALA,157
ALA,157
ALA,157
ALA,157
PRO,158
PRO,158
PRO,158
PRO,158
PRO,158
PRO,158
PRO,158
ARG,159
ARG,159
ARG,159
ARG,159
ARG,159
ARG,159
ARG,159
ARG,159
ARG,159
ARG,159
ARG,159
GLY,160
GLY,160
GLY,160
GLY,160
GLU,161
GLU,161
GLU,161
GLU,161
GLU,161
GLU,161
GLU,161
GLU,161
GLU,161
LEU,162
LEU,162
LEU,162
LEU,162
LEU,162
LEU,162
LEU,162
LEU,162
TYR,163
TYR,163
TYR,163
TYR,163
TYR,163
TYR,163
TYR,163
TYR,163
TYR,163
TYR,163
TYR,163
TYR,163
LYS,164
LYS,164
LYS,164
LYS,164
LYS,164
LYS,164
LYS,164
LYS,164
LYS,164
GLU,165
GLU,165
GLU,165
GLU,165
GLU,165
GLU,165
GLU,165
GLU,165
GLU,165
LEU,166
LEU,166
LEU,166
LEU,166
LEU,166
LEU,166
LEU,166
LEU,166
GLN,167
GLN,167
GLN,167
GLN,167
GLN,167
GLN,167
GLN,167
GLN,167
GLN,167
LYS,168
LYS,168
LYS,168
LYS,168
LYS,168
LYS,168
LYS,168
SER,169
SER,169
SER,169
SER,169
SER,169
SER,169
CYS,170
CYS,170
CYS,170
CYS,170
CYS,170
CYS,170
THR,171
THR,171
THR,171
THR,171
THR,171
THR,171
THR,171
PHE,172
PHE,172
PHE,172
PHE,172
PHE,172
PHE,172
PHE,172
PHE,172
PHE,172
PHE,172
PHE,172
ASP,173
ASP,173
ASP,173
ASP,173
ASP,173
ASP,173
ASP,173
ASP,173
GLU,174
GLU,174
GLU,174
GLU,174
GLU,174
GLU,174
GLU,174
GLU,174
GLU,174
GLN,175
GLN,175
GLN,175
GLN,175
GLN,175
GLN,175
GLN,175
GLN,175
GLN,175
ARG,176
ARG,176
ARG,176
ARG,176
ARG,176
ARG,176
ARG,176
ARG,176
ARG,176
ARG,176
ARG,176
THR,177
THR,177
THR,177
THR,177
THR,177
THR,177
THR,177
ALA,178
ALA,178
ALA,178
ALA,178
ALA,178
THR,179
THR,179
THR,179
THR,179
THR,179
THR,179
THR,179
ILE,180
ILE,180
ILE,180
ILE,180
ILE,180
ILE,180
ILE,180
ILE,180
MET,181
MET,181
MET,181
MET,181
MET,181
MET,181
MET,181
MET,181
GLU,182
GLU,182
GLU,182
GLU,182
GLU,182
GLU,182
GLU,182
GLU,182
GLU,182
GLU,183
GLU,183
GLU,183
GLU,183
GLU,183
GLU,183
GLU,183
GLU,183
GLU,183
LEU,184
LEU,184
LEU,184
LEU,184
LEU,184
LEU,184
LEU,184
LEU,184
ALA,185
ALA,185
ALA,185
ALA,185
ALA,185
ASP,186
ASP,186
ASP,186
ASP,186
ASP,186
ASP,186
ASP,186
ASP,186
ALA,187
ALA,187
ALA,187
ALA,187
ALA,187
LEU,188
LEU,188
LEU,188
LEU,188
LEU,188
LEU,188
LEU,188
LEU,188
MET,189
MET,189
MET,189
MET,189
MET,189
MET,189
MET,189
MET,189
TYR,190
TYR,190
TYR,190
TYR,190
TYR,190
TYR,190
TYR,190
TYR,190
TYR,190
TYR,190
TYR,190
TYR,190
CYS,191
CYS,191
CYS,191
CYS,191
CYS,191
CYS,191
HIS,192
HIS,192
HIS,192
HIS,192
HIS,192
HIS,192
HIS,192
HIS,192
HIS,192
HIS,192
GLY,193
GLY,193
GLY,193
GLY,193
LYS,194
LYS,194
LYS,194
LYS,194
LYS,194
LYS,194
LYS,194
LYS,194
LYS,194
LYS,195
LYS,195
LYS,195
LYS,195
LYS,195
VAL,196
VAL,196
VAL,196
VAL,196
VAL,196
VAL,196
VAL,196
ILE,197
ILE,197
ILE,197
ILE,197
ILE,197
ILE,197
ILE,197
ILE,197
HIS,198
HIS,198
HIS,198
HIS,198
HIS,198
HIS,198
HIS,198
HIS,198
HIS,198
HIS,198
ARG,199
ARG,199
ARG,199
ARG,199
ARG,199
ARG,199
ARG,199
ARG,199
ARG,199
ARG,199
ARG,199
ASP,200
ASP,200
ASP,200
ASP,200
ASP,200
ASP,200
ASP,200
ASP,200
ILE,201
ILE,201
ILE,201
ILE,201
ILE,201
ILE,201
ILE,201
ILE,201
LYS,202
LYS,202
LYS,202
LYS,202
LYS,202
LYS,202
PRO,203
PRO,203
PRO,203
PRO,203
PRO,203
PRO,203
PRO,203
GLU,204
GLU,204
GLU,204
GLU,204
GLU,204
GLU,204
GLU,204
GLU,204
GLU,204
ASN,205
ASN,205
ASN,205
ASN,205
ASN,205
ASN,205
ASN,205
ASN,205
LEU,206
LEU,206
LEU,206
LEU,206
LEU,206
LEU,206
LEU,206
LEU,206
LEU,207
LEU,207
LEU,207
LEU,207
LEU,207
LEU,207
LEU,207
LEU,207
LEU,208
LEU,208
LEU,208
LEU,208
LEU,208
LEU,208
LEU,208
LEU,208
GLY,209
GLY,209
GLY,209
GLY,209
LEU,210
LEU,210
LEU,210
LEU,210
LEU,210
LEU,210
LEU,210
LEU,210
LYS,211
LYS,211
LYS,211
LYS,211
LYS,211
LYS,211
LYS,211
GLY,212
GLY,212
GLY,212
GLY,212
GLU,213
GLU,213
GLU,213
GLU,213
GLU,213
GLU,213
GLU,213
GLU,213
GLU,213
LEU,214
LEU,214
LEU,214
LEU,214
LEU,214
LEU,214
LEU,214
LEU,214
LYS,215
LYS,215
LYS,215
LYS,215
LYS,215
LYS,215
LYS,215
LYS,215
LYS,215
ILE,216
ILE,216
ILE,216
ILE,216
ILE,216
ILE,216
ILE,216
ILE,216
ALA,217
ALA,217
ALA,217
ALA,217
ALA,217
ASP,218
ASP,218
ASP,218
ASP,218
ASP,218
PHE,219
PHE,219
PHE,219
PHE,219
PHE,219
PHE,219
PHE,219
PHE,219
PHE,219
PHE,219
PHE,219
GLY,220
GLY,220
GLY,220
GLY,220
TRP,221
SER,222
VAL,223
HIS,224
ALA,225
PRO,226
SER,227
LEU,228
ARG,229
ARG,230
LYS,231
THR,232
MET,233
CYS,234
GLY,235
THR,236
LEU,237
LEU,237
LEU,237
LEU,237
LEU,237
LEU,237
LEU,237
LEU,237
ASP,238
ASP,238
ASP,238
ASP,238
ASP,238
ASP,238
ASP,238
ASP,238
TYR,239
TYR,239
TYR,239
TYR,239
TYR,239
TYR,239
TYR,239
TYR,239
TYR,239
TYR,239
TYR,239
TYR,239
LEU,240
LEU,240
LEU,240
LEU,240
LEU,240
LEU,240
LEU,240
LEU,240
PRO,241
PRO,241
PRO,241
PRO,241
PRO,241
PRO,241
PRO,241
PRO,242
PRO,242
PRO,242
PRO,242
PRO,242
PRO,242
PRO,242
GLU,243
GLU,243
GLU,243
GLU,243
GLU,243
GLU,243
GLU,243
GLU,243
GLU,243
MET,244
MET,244
MET,244
MET,244
MET,244
MET,244
MET,244
MET,244
ILE,245
ILE,245
ILE,245
ILE,245
ILE,245
ILE,245
ILE,245
ILE,245
GLU,246
GLU,246
GLU,246
GLU,246
GLU,246
GLU,246
GLU,246
GLU,246
GLU,246
GLY,247
GLY,247
GLY,247
GLY,247
ARG,248
ARG,248
ARG,248
ARG,248
ARG,248
ARG,248
ARG,248
ARG,248
ARG,248
ARG,248
ARG,248
MET,249
MET,249
MET,249
MET,249
MET,249
MET,249
MET,249
MET,249
HIS,250
HIS,250
HIS,250
HIS,250
HIS,250
HIS,250
HIS,250
HIS,250
HIS,250
HIS,250
ASN,251
ASN,251
ASN,251
ASN,251
ASN,251
ASN,251
ASN,251
ASN,251
GLU,252
GLU,252
GLU,252
GLU,252
GLU,252
GLU,252
GLU,252
GLU,252
GLU,252
LYS,253
LYS,253
LYS,253
LYS,253
LYS,253
LYS,253
LYS,253
LYS,253
VAL,254
VAL,254
VAL,254
VAL,254
VAL,254
VAL,254
VAL,254
ASP,255
ASP,255
ASP,255
ASP,255
ASP,255
ASP,255
ASP,255
ASP,255
LEU,256
LEU,256
LEU,256
LEU,256
LEU,256
LEU,256
LEU,256
LEU,256
TRP,257
TRP,257
TRP,257
TRP,257
TRP,257
TRP,257
TRP,257
TRP,257
TRP,257
TRP,257
TRP,257
TRP,257
TRP,257
TRP,257
CYS,258
CYS,258
CYS,258
CYS,258
CYS,258
CYS,258
ILE,259
ILE,259
ILE,259
ILE,259
ILE,259
ILE,259
ILE,259
ILE,259
GLY,260
GLY,260
GLY,260
GLY,260
VAL,261
VAL,261
VAL,261
VAL,261
VAL,261
VAL,261
VAL,261
LEU,262
LEU,262
LEU,262
LEU,262
LEU,262
LEU,262
LEU,262
LEU,262
CYS,263
CYS,263
CYS,263
CYS,263
CYS,263
CYS,263
TYR,264
TYR,264
TYR,264
TYR,264
TYR,264
TYR,264
TYR,264
TYR,264
TYR,264
TYR,264
TYR,264
TYR,264
GLU,265
GLU,265
GLU,265
GLU,265
GLU,265
GLU,265
GLU,265
GLU,265
GLU,265
LEU,266
LEU,266
LEU,266
LEU,266
LEU,266
LEU,266
LEU,266
LEU,266
LEU,267
LEU,267
LEU,267
LEU,267
LEU,267
LEU,267
LEU,267
LEU,267
VAL,268
VAL,268
VAL,268
VAL,268
VAL,268
VAL,268
VAL,268
GLY,269
GLY,269
GLY,269
GLY,269
ASN,270
ASN,270
ASN,270
ASN,270
ASN,270
ASN,270
ASN,270
ASN,270
PRO,271
PRO,271
PRO,271
PRO,271
PRO,271
PRO,271
PRO,271
PRO,272
PRO,272
PRO,272
PRO,272
PRO,272
PRO,272
PRO,272
PHE,273
PHE,273
PHE,273
PHE,273
PHE,273
PHE,273
PHE,273
PHE,273
PHE,273
PHE,273
PHE,273
GLU,274
GLU,274
GLU,274
GLU,274
GLU,274
GLU,274
GLU,274
GLU,274
GLU,274
SER,275
SER,275
SER,275
SER,275
SER,275
SER,275
ALA,276
ALA,276
ALA,276
ALA,276
ALA,276
SER,277
SER,277
SER,277
SER,277
SER,277
SER,277
HIS,278
HIS,278
HIS,278
HIS,278
HIS,278
HIS,278
HIS,278
HIS,278
HIS,278
HIS,278
ASN,279
ASN,279
ASN,279
ASN,279
ASN,279
ASN,279
ASN,279
ASN,279
GLU,280
GLU,280
GLU,280
GLU,280
GLU,280
GLU,280
GLU,280
GLU,280
GLU,280
THR,281
THR,281
THR,281
THR,281
THR,281
THR,281
THR,281
TYR,282
TYR,282
TYR,282
TYR,282
TYR,282
TYR,282
TYR,282
TYR,282
TYR,282
TYR,282
TYR,282
TYR,282
ARG,283
ARG,283
ARG,283
ARG,283
ARG,283
ARG,283
ARG,283
ARG,283
ARG,283
ARG,283
ARG,283
ARG,284
ARG,284
ARG,284
ARG,284
ARG,284
ARG,284
ARG,284
ARG,284
ARG,284
ARG,284
ARG,284
ILE,285
ILE,285
ILE,285
ILE,285
ILE,285
ILE,285
ILE,285
ILE,285
VAL,286
VAL,286
VAL,286
VAL,286
VAL,286
VAL,286
VAL,286
LYS,287
LYS,287
LYS,287
LYS,287
LYS,287
VAL,288
VAL,288
VAL,288
VAL,288
VAL,288
VAL,288
VAL,288
ASP,289
ASP,289
ASP,289
ASP,289
ASP,289
ASP,289
ASP,289
ASP,289
LEU,290
LEU,290
LEU,290
LEU,290
LEU,290
LEU,290
LEU,290
LEU,290
LYS,291
LYS,291
LYS,291
LYS,291
LYS,291
LYS,291
LYS,291
LYS,291
LYS,291
PHE,292
PHE,292
PHE,292
PHE,292
PHE,292
PHE,292
PHE,292
PHE,292
PHE,292
PHE,292
PHE,292
PRO,293
PRO,293
PRO,293
PRO,293
PRO,293
PRO,293
PRO,293
ALA,294
ALA,294
ALA,294
ALA,294
ALA,294
SER,295
SER,295
SER,295
SER,295
SER,295
SER,295
VAL,296
VAL,296
VAL,296
VAL,296
VAL,296
VAL,296
VAL,296
PRO,297
PRO,297
PRO,297
PRO,297
PRO,297
PRO,297
PRO,297
THR,298
THR,298
THR,298
THR,298
THR,298
THR,298
THR,298
GLY,299
GLY,299
GLY,299
GLY,299
ALA,300
ALA,300
ALA,300
ALA,300
ALA,300
GLN,301
GLN,301
GLN,301
GLN,301
GLN,301
GLN,301
GLN,301
GLN,301
GLN,301
ASP,302
ASP,302
ASP,302
ASP,302
ASP,302
ASP,302
ASP,302
ASP,302
LEU,303
LEU,303
LEU,303
LEU,303
LEU,303
LEU,303
LEU,303
LEU,303
ILE,304
ILE,304
ILE,304
ILE,304
ILE,304
ILE,304
ILE,304
ILE,304
SER,305
SER,305
SER,305
SER,305
SER,305
SER,305
LYS,306
LYS,306
LYS,306
LYS,306
LYS,306
LYS,306
LYS,306
LYS,306
LYS,306
LEU,307
LEU,307
LEU,307
LEU,307
LEU,307
LEU,307
LEU,307
LEU,307
LEU,308
LEU,308
LEU,308
LEU,308
LEU,308
LEU,308
LEU,308
LEU,308
ARG,309
ARG,309
ARG,309
ARG,309
ARG,309
ARG,309
ARG,309
ARG,309
ARG,309
ARG,309
ARG,309
HIS,310
HIS,310
HIS,310
HIS,310
HIS,310
HIS,310
HIS,310
HIS,310
HIS,310
HIS,310
ASN,311
ASN,311
ASN,311
ASN,311
ASN,311
ASN,311
ASN,311
ASN,311
PRO,312
PRO,312
PRO,312
PRO,312
PRO,312
PRO,312
PRO,312
SER,313
SER,313
SER,313
SER,313
SER,313
SER,313
GLU,314
GLU,314
GLU,314
GLU,314
GLU,314
GLU,314
GLU,314
GLU,314
GLU,314
ARG,315
ARG,315
ARG,315
ARG,315
ARG,315
ARG,315
ARG,315
ARG,315
ARG,315
ARG,315
ARG,315
LEU,316
LEU,316
LEU,316
LEU,316
LEU,316
LEU,316
LEU,316
LEU,316
PRO,317
PRO,317
PRO,317
PRO,317
PRO,317
PRO,317
PRO,317
LEU,318
LEU,318
LEU,318
LEU,318
LEU,318
LEU,318
LEU,318
LEU,318
ALA,319
ALA,319
ALA,319
ALA,319
ALA,319
GLN,320
GLN,320
GLN,320
GLN,320
GLN,320
GLN,320
GLN,320
GLN,320
GLN,320
VAL,321
VAL,321
VAL,321
VAL,321
VAL,321
VAL,321
VAL,321
SER,322
SER,322
SER,322
SER,322
SER,322
SER,322
ALA,323
ALA,323
ALA,323
ALA,323
ALA,323
HIS,324
HIS,324
HIS,324
HIS,324
HIS,324
HIS,324
HIS,324
HIS,324
HIS,324
HIS,324
PRO,325
PRO,325
PRO,325
PRO,325
PRO,325
PRO,325
PRO,325
TRP,326
TRP,326
TRP,326
TRP,326
TRP,326
TRP,326
TRP,326
TRP,326
TRP,326
TRP,326
TRP,326
TRP,326
TRP,326
TRP,326
VAL,327
VAL,327
VAL,327
VAL,327
VAL,327
VAL,327
VAL,327
ARG,328
ARG,328
ARG,328
ARG,328
ARG,328
ARG,328
ARG,328
ARG,328
ARG,328
ARG,328
ARG,328
ALA,329
ALA,329
ALA,329
ALA,329
ALA,329
ASN,330
ASN,330
ASN,330
ASN,330
ASN,330
ASN,330
ASN,330
ASN,330
SER,331
SER,331
SER,331
SER,331
SER,331
SER,331
ARG,332
ARG,332
ARG,332
ARG,332
ARG,332
ARG,333
ARG,333
ARG,333
ARG,333
ARG,333
ARG,333
ARG,333
ARG,333
ARG,333
ARG,333
ARG,333
VAL,334
VAL,334
VAL,334
VAL,334
VAL,334
VAL,334
VAL,334
LEU,335
LEU,335
LEU,335
LEU,335
LEU,335
LEU,335
LEU,335
LEU,335
PRO,336
PRO,336
PRO,336
PRO,336
PRO,336
PRO,336
PRO,336
PRO,337
PRO,337
PRO,337
PRO,337
PRO,337
PRO,337
PRO,337
SER,338
SER,338
SER,338
SER,338
SER,338
ALA,339
LEU,340
GLN,341
SER,342
VAL,343
ALA,344