amino acid,pos from PDB,1-letter,,,,,,pos relative to review paper,,,NOTE
MET,54,M,,,,,,,,,APE motif not found
GLN,55,Q,,,,,,,,,
LYS,56,K,,,,,,,,,
VAL,57,V,,,,,,,,,
MET,58,M,,,,,,,,,
GLU,59,E,,,,,,,,,
ASN,60,N,,,,,,,,,
SER,61,S,,,,,,,,,
SER,62,S,,,,,,,,,
GLY,63,G,,,,,,,,,
THR,64,T,,,,,,,,,
PRO,65,P,,,,,,,,,
ASP,66,D,,,,,,,,,
ILE,67,I,,,,,,,,,
LEU,68,L,,,,,,,,,
THR,69,T,,,,,,,,,
ARG,70,R,,,,,,,,,
HIS,71,H,,,,,,,,,
PHE,72,F,,,,,,,,,
THR,73,T,,,,,,,,,
ILE,74,I,,,,,,,,,
ASP,75,D,,,,,,,,,
ASP,76,D,,,,,,,,,
PHE,77,F,,,,,,,,,
GLU,78,E,,,,,,,,,
ILE,79,I,,,,,,,,,
GLY,80,G,,,,,,,,,
ARG,81,R,,,,,,,,,
PRO,82,P,,,,,,,,,
LEU,83,L,,,,,,,,,
GLY,84,G,,G,,,,50,,,
LYS,85,K,,X,,,,51,,,
GLY,86,G,,G,,GXGXXG motif,,52,,,
LYS,87,K,,X,,,,53,,,
PHE,88,F,,X,,,,54,,,
GLY,89,G,,G,,,,55,,,
ASN,90,N,,,,,,56,,,
VAL,91,V,,,,,,57,,,
TYR,92,Y,,,,,,58,,,
LEU,93,L,,,,,,59,,,
ALA,94,A,,,,,,60,,,
ARG,95,R,,,,,,61,,,
GLU,96,E,,,,,,62,,,
LYS,97,K,,,,,,63,,,
LYS,98,K,,,,,,64,,,
SER,99,S,,,,,,65,,,
HIS,100,H,,,,,,66,,,
PHE,101,F,,,,,,67,,,
ILE,102,I,,,,,,68,,,
VAL,103,V,,,,,,69,,,
ALA,104,A,A70,,,,,70,,,
LEU,105,L,,,,,,71,,,
LYS,106,K,K72 universally conserved->coordinates ATP and achors to E91,,,,,72,,,
VAL,107,V,,,,,,73,,,
LEU,108,L,L74->stabilize aC,,,,,74,,,
PHE,109,F,,,,,,75,,,
LYS,110,K,,,,,,76,,,
SER,111,S,,,,,,77,,,
GLN,112,Q,,,,,,78,,,
ILE,113,I,,,,,,79,,,
GLU,114,E,,,,,,80,,,
LYS,115,K,,,,,,81,,,
GLU,116,E,,,,,,82,,,
GLY,117,G,,,,,,83,,,
VAL,118,V,,,,,,84,,,
GLU,119,E,,,,,,85,,,
HIS,120,H,,,,,,86,,,
GLN,121,Q,,,,,,87,,,
LEU,122,L,,,,,,88,,,
ARG,123,R,,,,,,89,,,
ARG,124,R,,,,,,90,,,
GLU,125,E,E91 conserved->anchors aC via salt to here,,,,,91,,,
ILE,126,I,,,,,,92,,,
GLU,127,E,,,,,,93,,,
ILE,128,I,,,,,,94,,,
GLN,129,Q,,,,,,95,,,
ALA,130,A,,,,,,96,,,
HIS,131,H,,,,,,97,,,
LEU,132,L,,,,,,98,,,
HIS,133,H,,,,,,99,,,
HIS,134,H,,,,,,100,,,
PRO,135,P,,,,,,101,,,
ASN,136,N,,,,,,102,,,
ILE,137,I,,,,,,103,,,
LEU,138,L,,,,,,104,,,
ARG,139,R,,,,,,105,,,
LEU,140,L,,,,,,106,,,
TYR,141,Y,,,,,,107,,,
ASN,142,N,,,,,,108,,,
TYR,143,Y,,,,,,109,,,
PHE,144,F,,,,,,110,,,
TYR,145,Y,,,,,,111,,,
ASP,146,D,,,,,,112,,,
ARG,147,R,,,,,,113,,,
ARG,148,R,,,,,,114,,,
ARG,149,R,,,,,,115,,,
ILE,150,I,,,,,,116,,,
TYR,151,Y,,,,,,117,,,
LEU,152,L,,,,,,118,,,
ILE,153,I,,,,,,119,,,
LEU,154,L,,,,,,120,,,
GLU,155,E,,,,,,121,,,
TYR,156,Y,,,,,,122,,,
ALA,157,A,,,,,,123,,,
PRO,158,P,,,,,,124,,,
ARG,159,R,,,,,,125,,,
GLY,160,G,,,,,,126,,,
GLU,161,E,,,,,,127,,,
LEU,162,L,,,,,,128,,,
TYR,163,Y,,,,,,129,,,
LYS,164,K,,,,,,130,,,
GLU,165,E,,,,,,131,,,
LEU,166,L,,,,,,132,,,
GLN,167,Q,,,,,,133,,,
LYS,168,K,,,,,,134,,,
SER,169,S,,,,,,135,,,
CYS,170,C,,,,,,136,,,
THR,171,T,,,,,,137,,,
PHE,172,F,,,,,,138,,,
ASP,173,D,,,,,,139,,,
GLU,174,E,,,,,,140,,,
GLN,175,Q,,,,,,141,,,
ARG,176,R,,,,,,142,,,
THR,177,T,,,,,,143,,,
ALA,178,A,,,,,,144,,,
THR,179,T,,,,,,145,,,
ILE,180,I,,,,,,146,,,
MET,181,M,,,,,,147,,,
GLU,182,E,,,,,,148,,,
GLU,183,E,,,,,,149,,,
LEU,184,L,,,,,,150,,,
ALA,185,A,,,,,,151,,,
ASP,186,D,,,,,,152,,,
ALA,187,A,,,,,,153,,,
LEU,188,L,,,,,,154,,,
MET,189,M,,,,,,155,,,
TYR,190,Y,,,,,,156,,,
CYS,191,C,,,,,,157,,,
HIS,192,H,,,,,,158,,,
GLY,193,G,,,,,,159,,,
LYS,194,K,,,,,,160,,,
LYS,195,K,,,,,,161,,,
VAL,196,V,,,,,,162,,,
ILE,197,I,,,,,,163,,,
HIS,198,H,,H,,,,164,,,
ARG,199,R,,R,,HRD motif,,165,,,
ASP,200,D,,D,,,,166,,,
ILE,201,I,,,,,,167,,,
LYS,202,K,,,,,,168,,,
PRO,203,P,,,,,,169,,,
GLU,204,E,,,,,,170,,,
ASN,205,N,,,,,,171,,,
LEU,206,L,,,,,,172,,,
LEU,207,L,,,,,,173,,,
LEU,208,L,,,,,,174,,,
GLY,209,G,,,,,,175,,,
LEU,210,L,,,,,,176,,,
LYS,211,K,,,,,,177,,,
GLY,212,G,,,,,,178,,,
GLU,213,E,,,,,,179,,,
LEU,214,L,,,,,,180,,,
LYS,215,K,,,,,,181,,,
ILE,216,I,,,,,,182,,,
ALA,217,A,,,,,,183,,,
ASP,218,D,,D,,,,184,,,
PHE,219,F,,F,,DFG motif,,185,,,
GLY,220,G,,G,,,,186,,,
TRP,221,W,,,,,,187,,,
SER,222,S,,,,,,188,,,
VAL,223,V,,,,,,189,,,
HIS,224,H,,,,,,190,,,
ALA,225,A,,,,,,191,,,
PRO,226,P,,,,,,192,,,
SER,227,S,,,,,,193,,,
LEU,228,L,,,,,,194,,,
ARG,229,R,,,,,,195,,,
ARG,230,R,,,,,,196,,,
LYS,231,K,,,,,,197,,,
THR,232,T,,Phosphorylation site?,,,,198,,,
MET,233,M,,,,,,199,,,
CYS,234,C,,,,,,200,,,
GLY,235,G,,,,,,201,,,
THR,236,T,,,,,,202,,,
LEU,237,L,,,,,,203,,,
ASP,238,D,,,,,,204,,,
TYR,239,Y,,,,,,205,,,
LEU,240,L,,,,,,206,,,
PRO,241,P,,,,,,207,,,
PRO,242,P,,,,,,208,,,
GLU,243,E,,,,,,209,,,
MET,244,M,,,,,,210,,,
ILE,245,I,,,,,,211,,,
GLU,246,E,,,,,,212,,,
GLY,247,G,,,,,,213,,,
ARG,248,R,,,,,,214,,,
MET,249,M,,,,,,215,,,
HIS,250,H,,,,,,216,,,
ASN,251,N,,,,,,217,,,
GLU,252,E,,,,,,218,,,
LYS,253,K,,,,,,219,,,
VAL,254,V,,,,,,220,,,
ASP,255,D,,,,,,221,,,
LEU,256,L,,,,,,222,,,
TRP,257,W,,,,,,223,,,
CYS,258,C,,,,,,224,,,
ILE,259,I,,,,,,225,,,
GLY,260,G,,,,,,226,,,
VAL,261,V,,,,,,227,,,
LEU,262,L,,,,,,228,,,
CYS,263,C,,,,,,229,,,
TYR,264,Y,,,,,,230,,,
GLU,265,E,,,,,,231,,,
LEU,266,L,,,,,,232,,,
LEU,267,L,,,,,,233,,,
VAL,268,V,,,,,,234,,,
GLY,269,G,,,,,,235,,,
ASN,270,N,,,,,,236,,,
PRO,271,P,,,,,,237,,,
PRO,272,P,,,,,,238,,,
PHE,273,F,,,,,,239,,,
GLU,274,E,,,,,,240,,,
SER,275,S,,,,,,241,,,
ALA,276,A,,,,,,242,,,
SER,277,S,,,,,,243,,,
HIS,278,H,,,,,,244,,,
ASN,279,N,,,,,,245,,,
GLU,280,E,,,,,,246,,,
THR,281,T,,,,,,247,,,
TYR,282,Y,,,,,,248,,,
ARG,283,R,,,,,,249,,,
ARG,284,R,,,,,,250,,,
ILE,285,I,,,,,,251,,,
VAL,286,V,,,,,,252,,,
LYS,287,K,,,,,,253,,,
VAL,288,V,,,,,,254,,,
ASP,289,D,,,,,,255,,,
LEU,290,L,,,,,,256,,,
LYS,291,K,,,,,,257,,,
PHE,292,F,,,,,,258,,,
PRO,293,P,,,,,,259,,,
ALA,294,A,,,,,,260,,,
SER,295,S,,,,,,261,,,
VAL,296,V,,,,,,262,,,
PRO,297,P,,,,,,263,,,
THR,298,T,,,,,,264,,,
GLY,299,G,,,,,,265,,,
ALA,300,A,,,,,,266,,,
GLN,301,Q,,,,,,267,,,
ASP,302,D,,,,,,268,,,
LEU,303,L,,,,,,269,,,
ILE,304,I,,,,,,270,,,
SER,305,S,,,,,,271,,,
LYS,306,K,,,,,,272,,,
LEU,307,L,,,,,,273,,,
LEU,308,L,,,,,,274,,,
ARG,309,R,,,,,,275,,,
HIS,310,H,,,,,,276,,,
ASN,311,N,,,,,,277,,,
PRO,312,P,,,,,,278,,,
SER,313,S,,,,,,279,,,
GLU,314,E,,,,,,280,,,
ARG,315,R,,,,,,281,,,
LEU,316,L,,,,,,282,,,
PRO,317,P,,,,,,283,,,
LEU,318,L,,,,,,284,,,
ALA,319,A,,,,,,285,,,
GLN,320,Q,,,,,,286,,,
VAL,321,V,,,,,,287,,,
SER,322,S,,,,,,288,,,
ALA,323,A,,,,,,289,,,
HIS,324,H,,,,,,290,,,
PRO,325,P,,,,,,291,,,
TRP,326,W,,,,,,292,,,
VAL,327,V,,,,,,293,,,
ARG,328,R,,,,,,294,,,
ALA,329,A,,,,,,295,,,
ASN,330,N,,,,,,296,,,
SER,331,S,,,,,,297,,,
ARG,332,R,,,,,,298,,,
ARG,333,R,,,,,,299,,,
VAL,334,V,,,,,,300,,,
LEU,335,L,,,,,,301,,,
PRO,336,P,,,,,,302,,,
PRO,337,P,,,,,,303,,,
SER,338,S,,,,,,304,,,
ALA,339,A,,,,,,305,,,
LEU,340,L,,,,,,306,,,
GLN,341,Q,,,,,,307,,,
SER,342,S,,,,,,308,,,
VAL,343,V,,,,,,309,,,
ALA,344,A,,,,,,310,,,